datetime_UTC,longitude,latitude,water_level,quality_water_level
2016-03-06 10:00:16,12.55478,55.441914,0.556,0
2016-03-06 10:00:17,12.523128,55.384613,0.531,1
2016-03-28 20:17:17,12.851125,55.730906,0.34,1
2016-04-02 10:00:10,12.721862,55.744973,0.129,1
2016-04-02 10:00:14,12.594003,55.515883,0.269,1
2016-04-02 10:00:15,12.56224,55.458593,0.234,0
2016-04-02 10:00:16,12.530556,55.401296,0.253,0
2016-04-02 10:00:17,12.498952,55.343993,0.286,1
2016-04-24 20:17:14,12.899639,55.635388,0.605,1
2016-04-24 20:17:15,12.86761,55.692653,0.582,1
2016-04-24 20:17:16,12.8355,55.749911,0.549,1
2016-04-24 20:17:17,12.803308,55.807162,0.577,1
2016-04-24 20:17:20,12.706237,55.978873,0.629,1
2016-04-29 10:00:08,12.786378,55.839121,0.306,1
2016-04-29 10:00:09,12.754139,55.78187,0.251,0
2016-04-29 10:00:10,12.721981,55.724612,0.209,1
2016-04-29 10:00:14,12.594165,55.495511,0.446,1
2016-04-29 10:00:15,12.562412,55.438219,0.417,0
2016-04-29 10:00:16,12.530739,55.38092,0.4,1
2016-04-29 10:00:17,12.499145,55.323614,0.432,1
2016-05-21 20:17:17,12.89491,55.651482,0.448,1
2016-05-21 20:17:20,12.798522,55.82326,0.418,1
2016-05-26 10:00:10,12.771452,55.808835,0.452,1
2016-05-26 10:00:15,12.611317,55.522468,0.362,1
2016-05-26 10:00:16,12.579532,55.465174,0.341,0
2016-05-26 10:00:17,12.547828,55.407874,0.356,0
2016-05-26 10:00:18,12.516202,55.350566,0.378,1
2016-06-17 20:17:18,12.897703,55.655196,0.498,1
2016-06-17 20:17:19,12.865652,55.712466,0.456,1
2016-06-17 20:17:21,12.801306,55.826984,0.475,1
2016-06-22 10:00:11,12.783182,55.831632,0.46,1
2016-06-22 10:00:12,12.750963,55.774376,0.395,0
2016-06-22 10:00:13,12.718826,55.717114,0.383,1
2016-06-22 10:00:16,12.622903,55.545283,0.348,1
2016-06-22 10:00:17,12.59109,55.487993,0.297,1
2016-06-22 10:00:18,12.559357,55.430696,0.281,0
2016-06-22 10:00:19,12.527704,55.373392,0.328,1
2016-07-14 20:17:18,12.889204,55.682352,0.586,1
2016-07-19 10:00:10,12.782717,55.822937,0.691,1
2016-07-19 10:00:11,12.750515,55.765683,0.512,0
2016-07-19 10:00:12,12.718395,55.708423,0.619,1
2016-07-19 10:00:15,12.622521,55.536599,0.562,1
2016-07-19 10:00:16,12.590724,55.479311,0.543,0
2016-07-19 10:00:17,12.559008,55.422015,0.545,0
2016-07-19 10:00:18,12.52737,55.364714,0.566,1
2016-08-10 20:17:17,12.896813,55.674826,0.606,0
2016-08-10 20:17:19,12.832609,55.78935,0.56,1
2016-08-15 10:00:09,12.788114,55.844568,0.616,1
2016-08-15 10:00:10,12.755888,55.787317,0.557,0
2016-08-15 10:00:11,12.723743,55.730058,0.517,1
2016-08-15 10:00:15,12.595978,55.500954,0.535,1
2016-08-15 10:00:16,12.564238,55.443661,0.519,0
2016-08-15 10:00:17,12.532577,55.386362,0.518,1
2016-09-06 20:17:17,12.873934,55.684149,0.457,1
2016-09-06 20:17:18,12.84183,55.741408,0.434,1
2016-09-06 20:17:19,12.809645,55.79866,0.466,1
2016-09-11 10:00:16,12.616464,55.52505,0.523,1
2016-09-11 10:00:17,12.584661,55.467762,0.457,0
2016-09-11 10:00:18,12.552939,55.410467,0.447,0
2016-09-11 10:00:19,12.521296,55.353166,0.509,1
2016-10-03 20:17:21,12.889901,55.652023,0.621,1
2016-10-03 20:17:22,12.857853,55.70929,0.59,1
2016-10-03 20:17:23,12.825722,55.76655,0.564,1
2016-10-03 20:17:24,12.79351,55.823803,0.609,1
2016-10-08 10:00:14,12.770397,55.816699,0.48,1
2016-10-08 10:00:15,12.738195,55.759442,0.432,0
2016-10-08 10:00:19,12.610199,55.530347,0.596,1
2016-10-08 10:00:20,12.578403,55.473056,0.643,0
2016-10-08 10:00:21,12.546685,55.415758,0.607,0
2016-10-08 10:00:22,12.515048,55.358453,0.634,1
2016-10-30 20:17:18,12.90091,55.664222,0.339,1
2016-11-04 10:00:11,12.76413,55.793641,0.389,0
2016-11-04 10:00:12,12.731974,55.736382,0.358,1
2016-11-04 10:00:16,12.604162,55.507278,0.488,1
2016-11-04 10:00:17,12.57241,55.449984,0.486,0
2016-11-04 10:00:18,12.540738,55.392684,0.404,0
2016-11-26 20:17:16,12.902274,55.664489,0.677,1
2016-11-26 20:17:17,12.870227,55.721756,0.639,1
2016-11-26 20:17:18,12.838099,55.779017,0.609,1
2016-12-01 10:00:08,12.776141,55.828949,0.589,1
2016-12-01 10:00:09,12.743945,55.771695,0.545,0
2016-12-01 10:00:10,12.711831,55.714434,0.582,1
2016-12-01 10:00:14,12.584186,55.485322,0.337,0
2016-12-01 10:00:15,12.552475,55.428027,0.291,0
2016-12-01 10:00:16,12.520844,55.370725,0.345,1
2016-12-23 20:17:16,12.885557,55.658362,0.573,1
2016-12-23 20:17:17,12.853483,55.715622,0.563,1
2016-12-23 20:17:18,12.821328,55.772875,0.5,1
2016-12-23 20:17:19,12.789091,55.830121,0.531,1
2016-12-28 10:00:15,12.62134,55.522846,0.538,1
2016-12-28 10:00:16,12.589537,55.465561,0.527,0
2016-12-28 10:00:17,12.557814,55.408269,0.511,0
2016-12-28 10:00:18,12.526171,55.35097,0.524,1
2017-01-19 20:17:18,12.897952,55.651524,0.355,1
2017-01-19 20:17:19,12.865904,55.708788,0.339,1
2017-01-24 10:00:11,12.791471,55.835377,0.581,1
2017-01-24 10:00:12,12.759238,55.778125,0.538,0
2017-01-24 10:00:13,12.727086,55.720865,0.511,1
2017-01-24 10:00:16,12.63112,55.549046,0.488,1
2017-01-24 10:00:17,12.599292,55.49176,0.544,1
2017-01-24 10:00:18,12.567545,55.434466,0.565,0
2017-01-24 10:00:19,12.535877,55.377166,0.584,1
2017-02-20 10:00:10,12.782118,55.826826,0.363,1
2017-02-20 10:00:11,12.749914,55.769568,0.322,0
2017-02-20 10:00:12,12.717792,55.712304,0.358,1
2017-02-20 10:00:15,12.621913,55.540471,-0.027,1
2017-02-20 10:00:16,12.590115,55.48318,-0.153,0
2017-02-20 10:00:17,12.558397,55.425881,-0.149,0
2017-02-20 10:00:18,12.526758,55.368576,-0.161,1
2017-03-14 20:17:16,12.909355,55.655669,0.423,1
2017-03-14 20:17:17,12.877332,55.712941,0.407,1
2017-03-14 20:17:19,12.81304,55.827464,0.383,1
2017-03-19 10:00:10,12.786498,55.818294,0.468,1
2017-03-19 10:00:11,12.754275,55.761043,0.451,0
2017-03-19 10:00:12,12.722134,55.703786,0.473,1
2017-03-19 10:00:15,12.626199,55.531971,0.555,1
2017-03-19 10:00:16,12.594382,55.474685,0.537,0
2017-03-19 10:00:17,12.562645,55.417393,0.565,0
2017-03-19 10:00:18,12.530987,55.360094,0.552,1
2017-04-10 20:17:21,12.891676,55.657562,0.791,1
2017-04-10 20:17:22,12.859612,55.714826,0.738,1
2017-04-10 20:17:23,12.827466,55.772083,0.758,1
2017-04-10 20:17:24,12.795239,55.829332,0.753,1
2017-04-15 10:00:14,12.796778,55.8442,0.487,1
2017-04-15 10:00:15,12.764532,55.786951,0.425,0
2017-04-15 10:00:16,12.732369,55.729695,0.387,1
2017-04-15 10:00:20,12.604528,55.500602,0.675,1
2017-04-15 10:00:21,12.572769,55.443312,0.698,0
2017-04-15 10:00:22,12.54109,55.386015,0.715,0
2017-05-07 20:17:27,12.810798,55.806026,0.565,1
2017-05-12 10:00:18,12.784706,55.839142,0.546,1
2017-05-12 10:00:19,12.752474,55.781889,0.461,0
2017-05-12 10:00:20,12.720324,55.724629,0.467,1
2017-05-12 10:00:24,12.592539,55.495521,0.422,1
2017-05-12 10:00:25,12.560793,55.438227,0.442,0
2017-05-12 10:00:26,12.529128,55.380926,0.445,1
2017-06-03 20:17:28,12.87547,55.681988,0.46,1
2017-06-03 20:17:30,12.811223,55.796511,0.477,1
2017-06-08 10:00:20,12.783542,55.849851,0.639,1
2017-06-08 10:00:21,12.751297,55.792597,0.562,0
2017-06-08 10:00:22,12.719135,55.735335,0.527,1
2017-06-08 10:00:26,12.591298,55.506221,0.388,1
2017-06-08 10:00:27,12.55954,55.448925,0.367,0
2017-06-08 10:00:28,12.527862,55.391623,0.354,1
2017-06-30 20:17:26,12.894241,55.666027,0.538,1
2017-07-05 10:00:19,12.746272,55.772161,0.562,0
2017-07-05 10:00:20,12.714144,55.714898,0.488,1
2017-07-05 10:00:23,12.618246,55.543066,0.58,1
2017-07-05 10:00:24,12.586441,55.485775,0.512,0
2017-07-05 10:00:25,12.554716,55.428478,0.497,0
2017-07-05 10:00:26,12.523071,55.371173,0.549,1
2017-07-27 20:17:24,12.893152,55.679339,0.502,1
2017-07-27 20:17:26,12.828936,55.793868,0.561,1
2017-08-01 10:00:16,12.780466,55.837909,0.426,1
2017-08-01 10:00:17,12.748252,55.780655,0.406,0
2017-08-01 10:00:18,12.71612,55.723395,0.446,1
2017-08-01 10:00:24,12.525029,55.379688,0.343,1
2017-08-23 20:17:21,12.890749,55.688145,0.546,1
2017-08-28 10:00:13,12.754739,55.800522,0.512,0
2017-08-28 10:00:14,12.722589,55.743263,0.433,1
2017-08-28 10:00:18,12.594803,55.514155,0.556,1
2017-08-28 10:00:19,12.563058,55.456861,0.568,0
2017-08-28 10:00:20,12.531393,55.399561,0.555,0
2017-09-19 20:17:20,12.881344,55.673499,0.7,1
2017-09-19 20:17:21,12.849252,55.730759,0.676,1
2017-09-19 20:17:22,12.817078,55.788012,0.705,1
2017-09-24 10:00:13,12.792417,55.829314,0.558,1
2017-09-24 10:00:14,12.760186,55.772062,0.525,0
2017-09-24 10:00:18,12.632081,55.542984,0.581,1
2017-09-24 10:00:19,12.600257,55.485698,0.545,0
2017-09-24 10:00:20,12.568513,55.428404,0.551,0
2017-09-24 10:00:21,12.536848,55.371104,0.552,1
2017-10-21 10:00:17,12.768011,55.805588,0.571,1
2017-10-21 10:00:18,12.735824,55.748331,0.513,1
2017-10-21 10:00:22,12.60789,55.519233,0.703,1
2017-10-21 10:00:23,12.576108,55.461941,0.728,0
2017-10-21 10:00:24,12.544406,55.404643,0.73,0
2017-10-21 10:00:25,12.512784,55.347338,0.711,1
2017-11-12 20:17:23,12.903768,55.642975,0.614,1
2017-11-12 20:17:24,12.871742,55.700245,0.595,1
2017-11-12 20:17:25,12.839635,55.757508,0.577,1
2017-11-17 10:00:16,12.763634,55.804617,0.896,1
2017-11-17 10:00:17,12.731458,55.74736,0.904,1
2017-11-17 10:00:21,12.60357,55.518264,0.43,1
2017-11-17 10:00:22,12.5718,55.460972,0.383,0
2017-11-17 10:00:23,12.540109,55.403674,0.395,0
2017-12-09 20:17:20,12.894727,55.674917,0.819,0
2017-12-09 20:17:21,12.862671,55.732184,0.808,1
2017-12-09 20:17:22,12.830533,55.789444,0.816,1
2017-12-14 10:00:13,12.776477,55.794993,0.623,1
2017-12-14 10:00:14,12.744285,55.737742,0.58,1
2017-12-14 10:00:18,12.616328,55.50867,0.563,1
2017-12-14 10:00:19,12.584541,55.451384,0.534,0
2017-12-14 10:00:20,12.552833,55.394092,0.521,0
2017-12-14 10:00:21,12.521205,55.336794,0.542,1
2018-01-05 20:17:25,12.850957,55.724284,0.667,1
2018-01-05 20:17:26,12.818802,55.781538,0.681,1
2018-01-10 10:00:17,12.791051,55.841544,0.25,1
2018-01-10 10:00:18,12.758806,55.784296,0.224,0
2018-01-10 10:00:19,12.726643,55.727041,0.189,1
2018-01-10 10:00:23,12.598804,55.49795,0.639,1
2018-01-10 10:00:24,12.567046,55.440661,0.652,0
2018-01-10 10:00:25,12.535367,55.383364,0.636,1
2018-02-01 20:17:26,12.882921,55.675465,0.647,1
2018-02-01 20:17:27,12.850848,55.732728,0.6,1
2018-02-01 20:17:28,12.818693,55.789983,0.614,1
2018-02-06 10:00:19,12.758767,55.80148,0.408,1
2018-02-06 10:00:20,12.726595,55.744221,0.399,1
2018-02-06 10:00:24,12.598723,55.515116,0.485,1
2018-02-06 10:00:25,12.566956,55.457823,0.476,0
2018-02-28 20:17:24,12.911643,55.633492,0.362,1
2018-03-05 10:00:16,12.774746,55.843151,0.269,1
2018-03-05 10:00:17,12.742531,55.785894,0.257,0
2018-03-05 10:00:18,12.710398,55.72863,0.226,1
2018-03-05 10:00:22,12.582679,55.499503,0.352,1
2018-03-05 10:00:23,12.55095,55.442204,0.324,0
2018-03-05 10:00:24,12.519301,55.384899,0.351,1
2018-03-27 20:17:24,12.893162,55.645015,0.311,1
2018-03-27 20:17:25,12.861109,55.702282,0.247,1
2018-03-27 20:17:27,12.796758,55.816794,0.312,1
2018-04-01 10:00:18,12.782663,55.820627,0.526,1
2018-04-01 10:00:19,12.750444,55.763375,0.481,0
2018-04-01 10:00:20,12.718308,55.706117,0.511,1
2018-04-01 10:00:23,12.622386,55.534299,0.413,1
2018-04-01 10:00:24,12.590573,55.477013,0.358,0
2018-04-01 10:00:25,12.55884,55.41972,0.376,0
2018-04-01 10:00:26,12.527187,55.36242,0.385,1
2018-04-23 20:17:28,12.884903,55.673379,0.37,1
2018-04-28 10:00:27,12.585675,55.474923,0.299,0
2018-04-28 10:00:28,12.553956,55.417629,0.271,0
2018-04-28 10:00:29,12.522316,55.360328,0.298,1
2018-05-25 10:00:26,12.600687,55.495831,0.269,1
2018-05-25 10:00:27,12.568945,55.438536,0.271,0
2018-05-25 10:00:28,12.537283,55.381234,0.256,1
2018-06-16 20:17:29,12.900521,55.657441,0.475,1
2018-06-16 20:17:30,12.868481,55.71471,0.412,1
2018-06-21 10:00:22,12.769732,55.81897,0.485,1
2018-06-21 10:00:23,12.737539,55.76171,0.446,0
2018-06-21 10:00:27,12.609581,55.532604,0.328,1
2018-06-21 10:00:28,12.577793,55.475311,0.313,0
2018-06-21 10:00:29,12.546086,55.41801,0.278,0
2018-06-21 10:00:30,12.514457,55.360703,0.291,1
2018-07-13 20:17:28,12.892182,55.672843,0.596,1
2018-07-13 20:17:29,12.86012,55.730112,0.61,1
2018-07-13 20:17:30,12.827977,55.787375,0.615,1
2018-07-18 10:00:20,12.773707,55.829019,0.457,1
2018-07-18 10:00:21,12.741506,55.771762,0.452,0
2018-07-18 10:00:26,12.581725,55.485372,0.405,0
2018-07-18 10:00:27,12.55001,55.428073,0.412,0
2018-07-18 10:00:28,12.518375,55.370768,0.41,1
2018-08-09 20:17:24,12.915534,55.639087,0.612,1
2018-08-09 20:17:25,12.883526,55.69636,0.549,1
2018-08-09 20:17:27,12.819263,55.810884,0.57,1
2018-08-14 10:00:17,12.763448,55.814181,0.645,1
2018-08-14 10:00:22,12.603403,55.527826,0.549,1
2018-08-14 10:00:23,12.571636,55.470534,0.532,0
2018-08-14 10:00:24,12.539949,55.413235,0.518,0
2018-09-05 20:17:25,12.832427,55.744274,0.424,1
2018-09-10 10:00:17,12.797686,55.844326,0.617,1
2018-09-10 10:00:18,12.765427,55.787079,0.549,0
2018-09-10 10:00:19,12.733249,55.729825,0.501,1
2018-09-10 10:00:23,12.605353,55.500742,0.366,1
2018-09-10 10:00:24,12.57358,55.443454,0.307,0
2018-09-10 10:00:25,12.541887,55.386159,0.33,0
2018-10-02 20:17:28,12.880968,55.667338,0.568,1
2018-10-02 20:17:29,12.848894,55.7246,0.599,1
2018-10-02 20:17:30,12.816738,55.781855,0.6,1
2018-10-07 10:00:21,12.78588,55.834302,0.669,1
2018-10-07 10:00:22,12.753643,55.77705,0.63,0
2018-10-07 10:00:23,12.721488,55.719791,0.622,1
2018-10-07 10:00:26,12.625512,55.547973,0.721,1
2018-10-07 10:00:27,12.593682,55.490686,0.742,1
2018-10-07 10:00:28,12.561931,55.433393,0.742,0
2018-10-07 10:00:29,12.53026,55.376093,0.798,1
2018-10-29 20:17:29,12.889631,55.663301,0.398,1
2018-10-29 20:17:30,12.857575,55.720568,0.36,1
2018-10-29 20:17:32,12.793217,55.835081,0.359,1
2018-11-03 10:00:22,12.76141,55.801668,0.431,1
2018-11-03 10:00:23,12.729232,55.744409,0.421,1
2018-11-03 10:00:27,12.601336,55.515306,0.392,1
2018-11-03 10:00:28,12.569563,55.458013,0.394,0
2018-11-03 10:00:29,12.53787,55.400713,0.379,0
2018-11-25 20:17:26,12.909222,55.64385,0.422,1
2018-11-25 20:17:27,12.877204,55.701122,0.415,1
2018-11-30 10:00:18,12.785584,55.850284,0.057,1
2018-11-30 10:00:19,12.753352,55.793031,0.005,0
2018-11-30 10:00:20,12.721202,55.735772,0.038,1
2018-11-30 10:00:24,12.593415,55.506666,-0.128,1
2018-11-30 10:00:25,12.56167,55.449372,-0.178,0
2018-11-30 10:00:26,12.530004,55.392072,-0.196,0
2018-12-27 10:00:17,12.779647,55.807769,0.407,1
2018-12-27 10:00:18,12.747446,55.750519,0.386,0
2018-12-27 10:00:22,12.619458,55.521448,0.209,1
2018-12-27 10:00:23,12.587663,55.464164,0.179,0
2018-12-27 10:00:24,12.555947,55.406872,0.153,0
2018-12-27 10:00:25,12.524311,55.349574,0.219,1
2019-01-18 20:17:26,12.911056,55.624106,0.589,1
2019-01-18 20:17:27,12.879043,55.681372,0.582,1
2019-01-18 20:17:28,12.84695,55.73863,0.572,1
2019-01-18 20:17:29,12.814774,55.795882,0.592,1
2019-01-23 10:00:20,12.777537,55.818075,0.396,1
2019-01-23 10:00:21,12.745334,55.760822,0.31,0
2019-01-23 10:00:25,12.617334,55.531742,0.648,1
2019-01-23 10:00:26,12.585536,55.474454,0.621,0
2019-01-23 10:00:27,12.553818,55.41716,0.609,0
2019-01-23 10:00:28,12.522179,55.35986,0.628,1
2019-02-14 20:17:28,12.880499,55.688462,0.232,1
2019-02-19 10:00:20,12.781997,55.841371,0.572,1
2019-02-19 10:00:21,12.749772,55.784115,0.516,0
2019-02-19 10:00:22,12.717628,55.726853,0.491,1
2019-02-19 10:00:26,12.589866,55.497734,0.349,1
2019-02-19 10:00:27,12.558127,55.440438,0.353,0
2019-02-19 10:00:28,12.526467,55.383134,0.356,1
2019-03-13 20:17:19,13.057514,55.344383,0.466,1
2019-03-13 20:17:24,12.898527,55.630823,0.567,1
2019-03-13 20:17:25,12.866488,55.688091,0.549,1
2019-03-13 20:17:26,12.834367,55.745352,0.547,1
2019-03-13 20:17:27,12.802165,55.802605,0.592,1
2019-03-18 10:00:19,12.775185,55.795434,0.625,1
2019-03-18 10:00:20,12.74299,55.738178,0.609,1
2019-03-18 10:00:24,12.615022,55.509088,0.155,1
2019-03-18 10:00:25,12.583232,55.451798,0.099,0
2019-03-18 10:00:26,12.551521,55.394502,0.111,0
2019-03-18 10:00:27,12.51989,55.337198,0.234,1
2019-04-09 20:17:30,12.904012,55.630153,0.461,1
2019-04-09 20:17:31,12.87199,55.687424,0.412,1
2019-04-14 10:00:24,12.78311,55.828588,0.219,1
2019-04-14 10:00:25,12.750885,55.771337,0.186,0
2019-04-14 10:00:26,12.718742,55.714079,0.18,1
2019-04-14 10:00:29,12.6228,55.542264,0.33,1
2019-04-14 10:00:30,12.590981,55.484978,0.37,0
2019-04-14 10:00:31,12.559242,55.427686,0.368,0
2019-04-14 10:00:32,12.527582,55.370387,0.37,1
2019-05-06 20:17:33,12.905243,55.63382,0.511,1
2019-05-06 20:17:34,12.873227,55.691089,0.498,1
2019-05-06 20:17:35,12.84113,55.74835,0.482,1
2019-05-06 20:17:36,12.808951,55.805605,0.489,1
2019-05-11 10:00:32,12.598478,55.511012,0.45,1
2019-05-11 10:00:33,12.566716,55.453721,0.425,0
2019-06-02 20:17:33,12.898054,55.658635,0.46,1
2019-06-07 10:00:26,12.760637,55.795829,0.591,0
2019-06-07 10:00:27,12.728477,55.738568,0.543,1
2019-06-07 10:00:31,12.60065,55.509456,0.468,1
2019-06-07 10:00:32,12.568894,55.452161,0.463,0
2019-06-07 10:00:33,12.537218,55.394859,0.462,0
2019-07-04 10:00:25,12.78776,55.850835,0.688,1
2019-07-04 10:00:26,12.755522,55.793579,0.678,0
2019-07-04 10:00:27,12.723367,55.736316,0.634,1
2019-07-04 10:00:31,12.595557,55.507196,0.314,1
2019-07-04 10:00:32,12.563806,55.449899,0.259,0
2019-07-04 10:00:33,12.532135,55.392595,0.26,0
2019-07-26 20:17:31,12.912138,55.637383,0.588,1
2019-07-26 20:17:32,12.880128,55.694657,0.564,1
2019-07-31 10:00:24,12.764651,55.813687,0.448,1
2019-07-31 10:00:25,12.73247,55.756429,0.379,1
2019-07-31 10:00:29,12.604559,55.527327,0.42,1
2019-07-31 10:00:30,12.572783,55.470034,0.433,0
2019-07-31 10:00:31,12.541087,55.412735,0.436,0
2019-07-31 10:00:32,12.50947,55.355429,0.419,1
2019-08-22 20:17:28,12.893294,55.683228,0.358,1
2019-08-27 10:00:25,12.598222,55.518845,0.489,1
2019-08-27 10:00:27,12.534791,55.404254,0.49,0
2019-09-18 20:17:30,12.879333,55.675244,0.704,1
2019-09-18 20:17:31,12.847248,55.732505,0.707,1
2019-09-18 20:17:32,12.815082,55.789758,0.689,1
2019-09-23 10:00:23,12.78383,55.829256,0.495,1
2019-09-23 10:00:24,12.751603,55.772006,0.404,0
2019-09-23 10:00:25,12.719459,55.714748,0.398,1
2019-09-23 10:00:28,12.623514,55.542935,0.803,1
2019-09-23 10:00:29,12.591693,55.48565,0.792,0
2019-09-23 10:00:30,12.559953,55.428358,0.799,0
2019-09-23 10:00:31,12.528292,55.37106,0.794,1
2019-10-15 20:17:31,12.902364,55.640418,0.561,1
2019-10-15 20:17:32,12.870338,55.697685,0.499,1
2019-10-15 20:17:33,12.838231,55.754945,0.563,1
2019-10-15 20:17:34,12.806042,55.812198,0.552,1
2019-10-20 10:00:24,12.778145,55.833354,0.587,1
2019-10-20 10:00:25,12.745925,55.776098,0.523,0
2019-10-20 10:00:30,12.58605,55.489718,0.601,1
2019-10-20 10:00:31,12.554316,55.432421,0.595,0
2019-10-20 10:00:32,12.522663,55.375118,0.614,1
2019-11-11 20:17:29,12.914345,55.627017,0.518,1
2019-11-11 20:17:30,12.882346,55.68429,0.474,1
2019-11-16 10:00:22,12.761023,55.811245,0.349,1
2019-11-16 10:00:23,12.728847,55.753985,0.331,1
2019-11-16 10:00:27,12.600957,55.524876,0.449,1
2019-11-16 10:00:28,12.569187,55.467582,0.455,0
2019-11-16 10:00:29,12.537495,55.410281,0.433,0
2019-11-16 10:00:30,12.505884,55.352973,0.436,1
2019-12-08 20:17:25,12.910967,55.640191,0.482,1
2019-12-08 20:17:26,12.87896,55.697464,0.476,1
2019-12-13 10:00:18,12.795727,55.833112,0.513,1
2019-12-13 10:00:19,12.763481,55.775865,0.475,0
2019-12-13 10:00:20,12.731318,55.718611,0.427,1
2019-12-13 10:00:23,12.635315,55.546807,0.713,1
2019-12-13 10:00:24,12.603475,55.489526,0.764,1
2019-12-13 10:00:25,12.571716,55.432237,0.797,0
2019-12-13 10:00:26,12.540036,55.374942,0.804,1
2020-01-04 20:17:28,12.902546,55.634068,0.663,1
2020-01-04 20:17:29,12.870514,55.691333,0.678,1
2020-01-04 20:17:30,12.838401,55.748591,0.616,1
2020-01-04 20:17:31,12.806206,55.805842,0.616,1
2020-01-09 10:00:22,12.780659,55.812871,0.667,1
2020-01-09 10:00:23,12.748453,55.755621,0.615,0
2020-01-09 10:00:27,12.620444,55.526554,0.551,1
2020-01-09 10:00:28,12.588643,55.46927,0.543,0
2020-01-09 10:00:29,12.556923,55.41198,0.563,0
2020-01-09 10:00:30,12.525281,55.354682,0.553,1
2020-01-31 20:17:30,12.893524,55.666086,0.763,1
2020-01-31 20:17:31,12.861464,55.723348,0.716,1
2020-01-31 20:17:32,12.829323,55.780602,0.773,1
2020-02-05 10:00:23,12.775146,55.814333,0.652,1
2020-02-05 10:00:24,12.742951,55.757078,0.633,0
2020-02-05 10:00:28,12.614985,55.527989,0.655,1
2020-02-05 10:00:29,12.583195,55.470699,0.64,0
2020-02-05 10:00:30,12.551486,55.413403,0.654,0
2020-02-05 10:00:31,12.519855,55.3561,0.686,1
2020-03-03 10:00:21,12.78139,55.845339,0.528,1
2020-03-03 10:00:22,12.749168,55.788081,0.502,0
2020-03-03 10:00:23,12.717028,55.730817,0.471,1
2020-03-03 10:00:27,12.589281,55.501689,0.847,1
2020-03-03 10:00:28,12.557545,55.44439,0.83,0
2020-03-03 10:00:29,12.525889,55.387084,0.8,1
2020-03-25 20:17:31,12.890218,55.648205,0.366,1
2020-03-25 20:17:32,12.85816,55.705473,0.373,1
2020-03-30 10:00:25,12.782176,55.820764,0.315,1
2020-03-30 10:00:26,12.749956,55.76351,0.22,0
2020-03-30 10:00:27,12.717818,55.70625,0.234,1
2020-03-30 10:00:30,12.621892,55.534427,0.307,1
2020-03-30 10:00:31,12.590077,55.477139,0.307,0
2020-03-30 10:00:32,12.558343,55.419844,0.309,0
2020-03-30 10:00:33,12.526689,55.362543,0.344,1
2020-04-21 20:17:36,12.876206,55.681069,0.372,1
2020-04-26 10:00:34,12.614645,55.53533,0.479,1
2020-04-26 10:00:35,12.582843,55.478044,0.424,0
2020-05-18 20:17:37,12.891234,55.664418,0.567,1
2020-05-23 10:00:30,12.768446,55.81124,0.659,1
2020-05-23 10:00:31,12.736259,55.753984,0.584,1
2020-05-23 10:00:35,12.608328,55.524894,0.47,1
2020-05-23 10:00:36,12.576547,55.467604,0.413,0
2020-05-23 10:00:37,12.544845,55.410308,0.405,0
2020-05-23 10:00:38,12.513223,55.353004,0.444,1
2020-06-14 20:17:35,12.908519,55.653896,0.416,1
2020-06-19 10:00:33,12.616457,55.526874,0.396,1
2020-06-19 10:00:35,12.55297,55.41228,0.344,0
2020-06-19 10:00:36,12.521346,55.354973,0.378,1
2020-07-11 20:17:36,12.893131,55.674971,0.473,0
2020-07-16 10:00:28,12.790035,55.853277,0.562,1
2020-07-16 10:00:29,12.757793,55.796021,0.571,0
2020-07-16 10:00:30,12.725632,55.738759,0.495,1
2020-07-16 10:00:34,12.597804,55.509641,0.562,1
2020-07-16 10:00:35,12.566048,55.452345,0.575,0
2020-07-16 10:00:36,12.534372,55.395041,0.573,0
2020-08-12 10:00:27,12.757728,55.80684,0.336,1
2020-08-12 10:00:32,12.597711,55.520477,0.507,1
2020-08-12 10:00:33,12.56595,55.463184,0.487,0
2020-08-12 10:00:34,12.534269,55.405884,0.508,0
2020-08-12 10:00:35,12.502667,55.348578,0.566,1
2020-09-03 20:17:31,12.880643,55.661301,0.547,1
2020-09-03 20:17:32,12.848567,55.718563,0.571,1
2020-09-03 20:17:33,12.816409,55.775819,0.546,1
2020-09-03 20:17:34,12.784169,55.833067,0.601,1
2020-09-08 10:00:25,12.769085,55.799624,0.416,1
2020-09-08 10:00:26,12.736896,55.742373,0.343,1
2020-09-08 10:00:30,12.608955,55.513297,0.111,1
2020-09-08 10:00:31,12.577171,55.456011,0.059,0
2020-09-08 10:00:32,12.545467,55.398718,0.086,0
2020-09-08 10:00:33,12.513843,55.341419,0.026,1
2020-09-30 20:17:34,12.894641,55.643752,0.588,1
2020-09-30 20:17:35,12.862601,55.701015,0.61,1
2020-09-30 20:17:37,12.798275,55.815521,0.617,1
2020-10-05 10:00:27,12.792,55.850438,0.544,1
2020-10-05 10:00:28,12.759749,55.793189,0.505,0
2020-10-05 10:00:29,12.727579,55.735932,0.468,1
2020-10-05 10:00:33,12.599715,55.506838,0.416,1
2020-10-05 10:00:34,12.56795,55.449547,0.387,0
2020-10-05 10:00:35,12.536265,55.39225,0.378,0
2020-10-27 20:17:34,12.906558,55.631594,0.425,1
2020-10-27 20:17:35,12.874546,55.688863,0.406,1
2020-10-27 20:17:37,12.810277,55.80338,0.442,1
2020-11-01 10:00:27,12.774081,55.826594,0.347,1
2020-11-01 10:00:28,12.741872,55.769337,0.255,0
2020-11-01 10:00:29,12.709745,55.712073,0.255,1
2020-11-01 10:00:32,12.613852,55.54024,0.361,1
2020-11-01 10:00:33,12.582048,55.482949,0.401,0
2020-11-01 10:00:34,12.550325,55.42565,0.376,0
2020-11-01 10:00:35,12.518681,55.368345,0.401,1
2020-11-23 20:17:31,12.890249,55.680077,0.649,1
2020-11-23 20:17:32,12.858179,55.737345,0.63,1
2020-11-23 20:17:33,12.826028,55.794607,0.634,1
2020-11-28 10:00:22,12.787361,55.847684,0.582,1
2020-11-28 10:00:23,12.755132,55.79043,0.524,0
2020-11-28 10:00:24,12.722985,55.733168,0.493,1
2020-11-28 10:00:28,12.595209,55.504052,0.7,1
2020-11-28 10:00:29,12.563466,55.446756,0.696,0
2020-11-28 10:00:30,12.531803,55.389454,0.713,1
2020-12-20 20:17:29,12.87998,55.665969,0.303,1
2020-12-20 20:17:31,12.815723,55.780487,0.287,1
2020-12-25 10:00:23,12.791886,55.826854,0.404,1
2020-12-25 10:00:24,12.759648,55.769608,0.366,0
2020-12-25 10:00:25,12.727492,55.712354,0.41,1
2020-12-25 10:00:28,12.631512,55.540553,0.457,1
2020-12-25 10:00:29,12.599681,55.483272,0.405,0
2020-12-25 10:00:30,12.567929,55.425985,0.375,0
2020-12-25 10:00:31,12.536257,55.368691,0.396,1
2021-01-21 10:00:29,12.762268,55.800488,0.424,1
2021-01-21 10:00:30,12.730084,55.743237,0.386,1
2021-01-21 10:00:34,12.60216,55.514161,0.422,1
2021-01-21 10:00:35,12.570381,55.456875,0.404,0
2021-01-21 10:00:36,12.538681,55.399582,0.393,0
2021-01-21 10:00:37,12.507061,55.342282,0.397,1
2021-02-12 20:17:36,12.89339,55.655012,0.378,1
2021-02-17 10:00:29,12.760465,55.806119,0.365,1
2021-02-17 10:00:30,12.728288,55.74886,0.36,1
2021-03-11 20:17:33,12.898956,55.669552,0.471,1
2021-03-16 10:00:25,12.762042,55.812167,0.573,1
2021-03-16 10:00:26,12.729872,55.754903,0.541,1
2021-03-16 10:00:32,12.538558,55.411178,0.482,0
2021-03-16 10:00:33,12.506953,55.353867,0.509,1
2021-04-07 20:17:37,12.895572,55.642067,0.599,1
2021-04-07 20:17:38,12.863526,55.699336,0.585,1
2021-04-07 20:17:39,12.831398,55.756599,0.595,1
2021-04-07 20:17:40,12.799188,55.813854,0.546,1
2021-04-12 10:00:31,12.782604,55.824973,0.605,1
2021-04-12 10:00:32,12.750381,55.76772,0.536,0
2021-04-12 10:00:33,12.71824,55.710461,0.549,1
2021-04-12 10:00:36,12.622306,55.538642,0.522,1
2021-04-12 10:00:37,12.590489,55.481355,0.535,0
2021-04-12 10:00:38,12.558753,55.424062,0.526,0
2021-04-12 10:00:39,12.527095,55.366762,0.505,1
2021-05-04 20:17:41,12.884184,55.671932,0.38,1
2021-05-09 10:00:34,12.774139,55.817904,0.369,1
2021-05-09 10:00:35,12.741937,55.760652,0.299,0
2021-05-09 10:00:39,12.613944,55.531576,0.458,1
2021-05-09 10:00:40,12.582147,55.47429,0.421,0
2021-05-09 10:00:41,12.55043,55.416997,0.415,0
2021-05-09 10:00:42,12.518793,55.359697,0.455,1
2021-06-05 10:00:40,12.575044,55.455944,0.273,0
2021-06-05 10:00:41,12.543358,55.398645,0.281,0
2021-06-05 10:00:42,12.511751,55.34134,0.315,1
2021-06-27 20:17:43,12.870992,55.704483,0.531,1
2021-06-27 20:17:44,12.838883,55.761745,0.502,1
2021-07-02 10:00:35,12.773341,55.82585,0.37,1
2021-07-02 10:00:36,12.741135,55.768592,0.34,0
2021-07-02 10:00:41,12.581328,55.482193,0.421,0
2021-07-02 10:00:42,12.549608,55.424893,0.417,0
2021-07-02 10:00:43,12.517968,55.367586,0.435,1
2021-07-24 20:17:41,12.8857,55.685305,0.552,1
2021-07-29 10:00:33,12.766314,55.808171,0.591,1
2021-07-29 10:00:34,12.73414,55.750909,0.536,1
2021-07-29 10:00:38,12.606257,55.521796,0.385,1
2021-07-29 10:00:39,12.574488,55.464501,0.346,0
2021-07-29 10:00:40,12.542798,55.407199,0.345,0
2021-08-20 20:17:37,12.919096,55.635092,0.697,1
2021-08-20 20:17:38,12.887091,55.692367,0.702,1
2021-08-20 20:17:40,12.822835,55.806894,0.672,1
2021-08-25 10:00:32,12.710319,55.715037,0.439,1
2021-08-25 10:00:36,12.582674,55.485922,0.103,0
2021-08-25 10:00:37,12.550964,55.428626,0.042,0
2021-08-25 10:00:38,12.519333,55.371323,0.034,1
2021-09-16 20:17:38,12.859978,55.69703,0.47,1
2021-09-16 20:17:39,12.827851,55.754286,0.498,1
2021-09-16 20:17:40,12.795642,55.811536,0.503,1
2021-09-21 10:00:31,12.783699,55.822767,0.456,1
2021-09-21 10:00:32,12.751474,55.765519,0.383,0
2021-09-21 10:00:36,12.623392,55.536459,0.249,1
2021-09-21 10:00:37,12.591573,55.479177,0.307,0
2021-09-21 10:00:38,12.559834,55.421887,0.285,0
2021-09-21 10:00:39,12.528175,55.364592,0.298,1
2021-10-13 20:17:40,12.87748,55.68247,0.404,1
2021-10-13 20:17:42,12.813216,55.796981,0.393,1
2021-10-18 10:00:33,12.762512,55.788716,0.541,0
2021-10-18 10:00:34,12.730345,55.731458,0.487,1
2021-10-18 10:00:38,12.602491,55.502358,0.654,1
2021-10-18 10:00:39,12.570729,55.445066,0.64,0
2021-10-18 10:00:40,12.539046,55.387767,0.629,0
2021-11-09 20:17:38,12.905286,55.653843,0.362,1
2021-11-09 20:17:39,12.873247,55.711111,0.374,1
2021-11-09 20:17:41,12.808925,55.825628,0.365,1
2021-11-14 10:00:31,12.783878,55.834614,0.551,1
2021-11-14 10:00:32,12.751657,55.777357,0.484,0
2021-11-14 10:00:33,12.719518,55.720094,0.459,1
2021-11-14 10:00:37,12.591774,55.49097,0.72,1
2021-11-14 10:00:38,12.560039,55.433673,0.723,0
2021-11-14 10:00:39,12.528383,55.376368,0.723,1
2021-12-06 20:17:37,12.913674,55.630557,0.251,1
2021-12-06 20:17:38,12.881678,55.687833,0.243,1
2021-12-11 10:00:30,12.756858,55.812362,0.511,1
2021-12-11 10:00:31,12.724683,55.755105,0.464,1
2021-12-11 10:00:35,12.596801,55.526005,0.428,1
2021-12-11 10:00:36,12.565032,55.468713,0.413,0
2021-12-11 10:00:37,12.533343,55.411415,0.419,0
2022-01-02 20:17:38,12.895482,55.648015,0.802,1
2022-01-02 20:17:39,12.863428,55.705279,0.8,1
2022-01-02 20:17:40,12.831292,55.762536,0.837,1
2022-01-02 20:17:41,12.799074,55.819787,0.787,1
2022-01-07 10:00:32,12.771971,55.798591,0.432,1
2022-01-07 10:00:33,12.739786,55.741336,0.381,1
2022-01-07 10:00:37,12.611863,55.512246,0.647,1
2022-01-07 10:00:38,12.580084,55.454957,0.619,0
2022-01-07 10:00:39,12.548384,55.397661,0.571,0
2022-01-29 20:17:43,12.87525,55.677162,1.462,1
2022-01-29 20:17:44,12.843166,55.734425,1.484,1
2022-01-29 20:17:45,12.811001,55.791681,1.501,1
2022-02-03 10:00:36,12.755807,55.79913,0.438,0
2022-02-03 10:00:37,12.723635,55.741873,0.362,1
2022-02-03 10:00:41,12.595765,55.512776,0.701,1
2022-02-03 10:00:42,12.563999,55.455485,0.726,0
2022-02-03 10:00:43,12.532312,55.398187,0.74,0
2022-02-25 20:17:39,12.922358,55.623954,0.681,1
2022-02-25 20:17:40,12.890369,55.681227,0.677,1
2022-02-25 20:17:42,12.826147,55.79575,0.667,1
2022-03-02 10:00:33,12.751471,55.792416,0.622,0
2022-03-02 10:00:39,12.55981,55.448751,0.68,0
2022-03-02 10:00:40,12.528148,55.39145,0.655,1
2022-03-24 20:17:42,12.846733,55.726403,0.114,1
2022-03-24 20:17:43,12.814571,55.783659,0.123,1
2022-03-29 10:00:40,12.600134,55.501272,0.357,1
2022-03-29 10:00:41,12.568368,55.443982,0.368,0
2022-03-29 10:00:42,12.536683,55.386684,0.393,1
2022-04-25 10:00:37,12.758481,55.795822,0.214,0
2022-04-25 10:00:38,12.726313,55.738564,0.194,1
2022-04-25 10:00:42,12.598456,55.509461,0.283,1
2022-04-25 10:00:43,12.566693,55.452168,0.257,0
2022-04-25 10:00:44,12.53501,55.394869,0.194,0
2022-05-17 20:17:41,12.919636,55.633271,0.446,1
2022-05-17 20:17:42,12.887629,55.690543,0.434,1
2022-05-22 10:00:35,12.77582,55.823241,0.578,1
2022-05-22 10:00:36,12.743622,55.765984,0.542,0
2022-05-22 10:00:37,12.711507,55.70872,0.506,1
2022-05-22 10:00:40,12.615648,55.536887,0.498,1
2022-05-22 10:00:41,12.583856,55.479595,0.463,0
2022-05-22 10:00:42,12.552145,55.422297,0.455,0
2022-05-22 10:00:43,12.520512,55.364992,0.478,1
2022-06-13 20:17:41,12.899225,55.667073,0.732,1
2022-06-13 20:17:42,12.867171,55.724342,0.729,1
2022-06-13 20:17:43,12.835035,55.781603,0.685,1
2022-06-18 10:00:34,12.776931,55.831552,0.819,1
2022-06-18 10:00:40,12.584923,55.487911,0.487,1
2022-06-18 10:00:41,12.553204,55.430614,0.45,0
2022-06-18 10:00:42,12.521565,55.37331,0.468,1
2022-07-10 20:17:40,12.900721,55.658201,0.699,1
2022-07-10 20:17:41,12.868681,55.71547,0.693,1
2022-07-10 20:17:42,12.836561,55.772732,0.646,1
2022-07-10 20:17:43,12.804358,55.829987,0.65,1
2022-07-15 10:00:32,12.771643,55.822708,0.743,1
2022-07-15 10:00:33,12.739452,55.765451,0.711,0
2022-07-15 10:00:34,12.707343,55.708187,0.721,1
2022-07-15 10:00:37,12.611502,55.536353,0.52,1
2022-07-15 10:00:38,12.579717,55.479062,0.489,0
2022-07-15 10:00:39,12.548011,55.421763,0.467,0
2022-07-15 10:00:40,12.516385,55.364458,0.502,1
2022-08-06 20:17:37,12.901546,55.663192,0.518,1
2022-08-06 20:17:40,12.805185,55.834978,0.514,1
2022-08-11 10:00:31,12.714462,55.729605,0.527,1
2022-08-11 10:00:36,12.554995,55.443191,0.344,0
2022-09-02 20:17:38,12.809592,55.790062,0.332,1
2022-09-07 10:00:31,12.734595,55.739397,0.276,1
2022-09-07 10:00:35,12.606652,55.510309,0.32,1
2022-09-07 10:00:36,12.574867,55.45302,0.293,0
2022-09-07 10:00:37,12.543163,55.395724,0.326,0
2022-09-07 10:00:38,12.511538,55.338421,0.367,1
2022-09-29 20:17:37,12.899358,55.651111,0.564,1
2022-09-29 20:17:38,12.867313,55.708378,0.536,1
2022-09-29 20:17:40,12.802975,55.822891,0.553,1
2022-10-04 10:00:29,12.79154,55.833693,0.467,1
2022-10-04 10:00:30,12.759312,55.77644,0.376,0
2022-10-04 10:00:31,12.727166,55.719181,0.367,1
2022-10-04 10:00:34,12.631217,55.547361,0.39,1
2022-10-04 10:00:35,12.599396,55.490074,0.392,1
2022-10-04 10:00:36,12.567654,55.432781,0.351,0
2022-10-04 10:00:37,12.535992,55.37548,0.409,1
2022-10-26 20:17:36,12.91437,55.635465,0.63,1
2022-10-26 20:17:37,12.882356,55.692735,0.572,1
2022-10-26 20:17:39,12.818085,55.807254,0.609,1
2022-10-31 10:00:34,12.597957,55.500458,0.631,1
2022-10-31 10:00:35,12.566216,55.443164,0.574,0
2022-10-31 10:00:36,12.534554,55.385864,0.608,1
2022-11-22 20:17:33,12.89953,55.67204,0.562,1
2022-11-27 10:00:26,12.763268,55.813969,0.522,1
2022-11-27 10:00:27,12.731095,55.756712,0.481,1
2022-11-27 10:00:31,12.603217,55.527614,0.425,1
2022-11-27 10:00:32,12.571449,55.470323,0.437,0
2022-11-27 10:00:33,12.539761,55.413025,0.4,0
2022-11-27 10:00:34,12.508153,55.35572,0.436,1
2022-12-24 10:00:27,12.763138,55.775408,0.51,0
2022-12-24 10:00:28,12.730983,55.718151,0.54,1
2022-12-24 10:00:32,12.603176,55.489056,0.437,1
2022-12-24 10:00:33,12.571426,55.431765,0.415,0
2022-12-24 10:00:34,12.539755,55.374468,0.449,1
2023-01-15 20:17:35,12.894881,55.663211,0.313,1
2023-01-20 10:00:29,12.758028,55.775692,0.464,0
2023-01-20 10:00:34,12.598117,55.48933,0.589,1
2023-01-20 10:00:35,12.566377,55.432037,0.579,0
2023-01-20 10:00:36,12.534716,55.374737,0.541,1
2023-02-11 20:17:37,12.873939,55.702701,0.865,1
2023-02-16 10:00:33,12.590848,55.491125,0.417,1
2023-02-16 10:00:34,12.559122,55.43383,0.408,0
2023-02-16 10:00:35,12.527476,55.376528,0.361,1
2023-03-10 20:17:35,12.902353,55.633233,0.688,1
2023-03-10 20:17:36,12.870321,55.690499,0.682,1
2023-03-10 20:17:38,12.806012,55.80501,0.66,1
2023-03-15 10:00:28,12.799808,55.840648,0.651,1
2023-03-15 10:00:29,12.767561,55.7834,0.601,0
2023-03-15 10:00:30,12.735396,55.726145,0.612,1
2023-03-15 10:00:34,12.60755,55.497058,0.339,1
2023-03-15 10:00:35,12.57579,55.439769,0.325,0
2023-03-15 10:00:36,12.544109,55.382473,0.324,0
2023-04-06 20:17:40,12.881103,55.677524,0.317,1
2023-04-06 20:17:42,12.816861,55.792041,0.359,1
2023-04-11 10:00:34,12.764734,55.813949,0.338,1
2023-04-11 10:00:35,12.732542,55.756694,0.269,1
2023-04-11 10:00:40,12.572805,55.470314,0.321,0
2023-04-11 10:00:41,12.541098,55.413018,0.302,0
2023-05-08 10:00:34,12.746845,55.786953,0.44,0
2023-05-08 10:00:35,12.7147,55.72969,0.374,1
2023-05-08 10:00:39,12.586935,55.500571,0.274,1
2023-05-08 10:00:40,12.555195,55.443274,0.263,0
2023-05-08 10:00:41,12.523535,55.38597,0.254,1
2023-06-04 10:00:38,12.562687,55.45805,0.192,1
2023-06-26 20:17:36,12.899215,55.666185,0.42,1
2023-06-26 20:17:37,12.86717,55.723455,0.398,1
2023-07-01 10:00:28,12.769472,55.820404,0.524,1
2023-07-01 10:00:29,12.737284,55.763147,0.473,0
2023-07-01 10:00:33,12.609346,55.53405,0.421,1
2023-07-01 10:00:34,12.577563,55.476758,0.377,0
2023-07-01 10:00:35,12.54586,55.41946,0.377,0
2023-07-01 10:00:36,12.514237,55.362155,0.364,1
2023-07-23 20:17:33,12.896952,55.673752,0.572,1
2023-07-23 20:17:34,12.864901,55.73102,0.521,1
2023-08-19 20:17:29,12.876975,55.66556,0.519,1
2023-08-19 20:17:30,12.844891,55.72282,0.517,1
2023-08-19 20:17:31,12.812726,55.780073,0.521,1
2023-08-19 20:17:32,12.780479,55.837319,0.495,1
2023-08-24 10:00:23,12.767953,55.7937,0.638,0
2023-08-24 10:00:24,12.735768,55.736447,0.6,1
2023-08-24 10:00:28,12.60784,55.507366,0.567,1
2023-09-15 20:17:33,12.891302,55.646564,0.675,1
2023-09-15 20:17:34,12.859254,55.703828,0.654,1
2023-09-15 20:17:36,12.794914,55.818335,0.659,1
2023-09-20 10:00:27,12.742056,55.755166,0.639,0
2023-09-20 10:00:31,12.614067,55.526075,0.218,1
2023-09-20 10:00:32,12.582272,55.468784,0.185,0
2023-09-20 10:00:33,12.550556,55.411488,0.151,0
2023-09-20 10:00:34,12.51892,55.354184,0.141,1
2023-10-12 20:17:33,12.891644,55.664734,1.004,1
2023-10-12 20:17:34,12.859581,55.722,0.935,1
2023-10-12 20:17:35,12.827435,55.77926,0.953,1
2023-10-17 10:00:25,12.782993,55.828358,0.723,1
2023-10-17 10:00:26,12.75078,55.771102,0.636,0
2023-10-17 10:00:27,12.71865,55.71384,0.677,1
2023-10-17 10:00:30,12.622746,55.542012,0.553,1
2023-10-17 10:00:31,12.59094,55.484722,0.648,0
2023-10-17 10:00:32,12.559213,55.427426,0.649,0
2023-10-17 10:00:33,12.527566,55.370122,0.621,1
2023-11-08 20:17:30,12.914163,55.637971,0.577,1
2023-11-08 20:17:31,12.882149,55.695243,0.543,1
2023-11-08 20:17:33,12.817877,55.809766,0.574,1
2023-11-13 10:00:24,12.761072,55.805023,0.636,1
2023-11-13 10:00:25,12.728903,55.747766,0.585,1
2023-11-13 10:00:29,12.601042,55.518671,0.628,1
2023-11-13 10:00:30,12.569278,55.46138,0.633,0
2023-12-05 20:17:30,12.900892,55.62741,0.395,1
2023-12-05 20:17:31,12.86886,55.684674,0.381,1
2023-12-05 20:17:33,12.804553,55.799183,0.383,1
2023-12-10 10:00:24,12.789043,55.8172,0.408,1
2023-12-10 10:00:25,12.75682,55.759954,0.365,0
2023-12-10 10:00:26,12.724679,55.7027,0.394,1
2023-12-10 10:00:29,12.628744,55.530898,0.494,1
2023-12-10 10:00:30,12.596927,55.473617,0.504,0
2023-12-10 10:00:31,12.565189,55.41633,0.511,0
2023-12-10 10:00:32,12.533532,55.359035,0.519,1
